{
    "name": "Admin Panel",
    "version": "1.0.1",
    "description": "This module enables the administration panel",
    "author": {
        "name": "Chris Day",
        "url": "http:\/\/glscript.cdcoding.com"
    },
    "pageName": "Admin Control Panel",
    "moduleCantBeDisabled": true,
    "accessInJail": true,
    "requireLogin": true,
    "adminGroup": "Dashboard",
    "bootstrapVersion": 5,
    "admin": [
        {
            "text": "Admin Dashboard",
            "method": "view"
        }
    ]
}