{
    "name": "Plugin Manager",
    "version": "1.0.0",
    "description": "This allows an admin to manage existing modules and install new ones",
    "author": {
        "name": "Chris Day",
        "url": "http:\/\/glscript.cdcoding.com"
    },
    "pageName": "Plugin Manager",
    "bootstrapVersion": 5,
    "moduleCantBeDisabled": true,
    "adminGroup": "Plugins & Themes",
    "admin": [
        {
            "text": "View Plugins",
            "method": "view"
        },
        {
            "text": "Deactivated Plugins",
            "method": "deactivated"
        },
        {
            "text": "Install Plugin",
            "method": "install"
        },
        {
            "hide": true,
            "text": "Deactivate Plugin",
            "method": "deactivate"
        },
        {
            "hide": true,
            "text": "Reactivate Plugin",
            "method": "reactivate"
        }
    ]
}