{
    "name": "Theme Editor",
    "version": "1.0.0",
    "description": "This module allows you to edit the Gangster Legends default template",
    "author": {
        "name": "Chris Day",
        "url": "https:\/\/glscript.net"
    },
    "pageName": "Theme Editor",
    "moduleCantBeDisabled": false,
    "accessInJail": false,
    "requireLogin": true,
    "adminGroup": "Plugins & Themes",
    "bootstrapVersion": 5,
    "admin": [
        {
            "text": "Ingame Layout",
            "method": "layout",
            "hide": false
        }, {
            "text": "Login Layout",
            "method": "login",
            "hide": false
        }, {
            "text": "Export / Import",
            "method": "export",
            "hide": false
        }
    ]
}