{
    "name": "Theme Manager",
    "version": "1.0.0",
    "description": "This allows an admin to manage existing themes and install new ones",
    "author": {
        "name": "Chris Day",
        "url": "http:\/\/glscript.cdcoding.com"
    },
    "pageName": "Theme Manager",
    "bootstrapVersion": 5,
    "moduleCantBeDisabled": true,
    "adminGroup": "Plugins & Themes",
    "admin": [
        {
            "text": "Theme Options",
            "method": "options"
        },
        {
            "text": "View Themes",
            "method": "view"
        },
        {
            "text": "Install Theme",
            "method": "install"
        },
        {
            "hide": true,
            "text": "Diactivate Themes",
            "method": "deactivate"
        }
    ]
}