{
    "name": "Login",
    "version": "1.0.0",
    "description": "",
    "author": {
        "name": "Chris Day",
        "url": "http:\/\/glscript.cdcoding.com"
    },
    "pageName": "Login",
    "accessInJail": true,
    "requireLogin": false,
    "adminGroup": "Pages",
    "bootstrapVersion": 5,
    "admin": [
        {
            "text": "Game Description",
            "method": "desc"
        },
        {
            "text": "Game Information",
            "method": "info"
        }
    ]
}