{
    "name": "Game Settings",
    "version": "1.0.0",
    "description": "This module allows a admin to modify core game settings",
    "author": {
        "name": "Chris Day",
        "url": "http:\/\/glscript.cdcoding.com"
    },
    "pageName": "User Ranks",
    "bootstrapVersion": 5,
    "accessInJail": false,
    "requireLogin": true,
    "adminGroup": "User Management",
    "admin": [
        {
            "text": "View Ranks",
            "method": "viewRank"
        },
        {
            "text": "New Rank",
            "method": "newRank"
        },
        {
            "hide": true,
            "text": "Edit Rank",
            "method": "editRank"
        },
        {
            "hide": true,
            "text": "Delete Rank",
            "method": "deleteRank"
        },
        {
            "text": "View Money Ranks",
            "method": "viewMoneyRank"
        },
        {
            "text": "New Money Rank",
            "method": "newMoneyRank"
        },
        {
            "hide": true,
            "text": "Edit Money Rank",
            "method": "editMoneyRank"
        },
        {
            "hide": true,
            "text": "Delete Money Rank",
            "method": "deleteMoneyRank"
        }
    ]
}